test_name,solver,graph_set,graph_idx,graph_order_min,graph_order_max,graph_order_avg,graph_order_med,graph_density_min,graph_density_max,graph_density_avg,graph_density_med,exec_time_min,exec_time_max,exec_time_avg,exec_time_med,colors_min,colors_max,colors_avg,colors_med
"Generic test","greedy","tests/input/50_50n_10d.gsm",0,50,50,50.0,50,0.0996,0.0996,0.0996,0.0996,0.1175,0.3458,0.1612,0.1499,4.0,6.0,5.06,5.0
"Generic test","greedy","tests/input/50_50n_30d.gsm",0,50,50,50.0,50,0.3004,0.3004,0.3004,0.3004,0.1852,0.4357,0.2314,0.2281,7.0,10.0,8.96,9.0
"Generic test","greedy","tests/input/50_50n_50d.gsm",0,50,50,50.0,50,0.4996,0.4996,0.4996,0.4996,0.2482,0.4065,0.3042,0.3005,11.0,15.0,12.82,13.0
"Generic test","greedy","tests/input/50_50n_70d.gsm",0,50,50,50.0,50,0.7004,0.7004,0.7004,0.7004,0.3324,0.5288,0.3858,0.3822,16.0,20.0,17.84,18.0
"Generic test","greedy","tests/input/50_50n_90d.gsm",0,50,50,50.0,50,0.8996,0.8996,0.8996,0.8996,0.4198,0.5994,0.4836,0.4738,24.0,29.0,26.54,27.0
"Generic test","greedy","tests/input/50_100n_10d.gsm",0,100,100,100.0,100,0.1,0.1,0.1,0.1,0.2917,0.5424,0.3607,0.3591,6.0,8.0,7.34,7.0
"Generic test","greedy","tests/input/50_100n_30d.gsm",0,100,100,100.0,100,0.3,0.3,0.3,0.3,0.4554,0.8452,0.6524,0.6483,13.0,16.0,14.26,14.0
"Generic test","greedy","tests/input/50_100n_50d.gsm",0,100,100,100.0,100,0.5,0.5,0.5,0.5,0.5282,1.3929,0.9339,0.9572,19.0,23.0,21.1,21.0
"Generic test","greedy","tests/input/50_100n_70d.gsm",0,100,100,100.0,100,0.7,0.7,0.7,0.7,0.7061,29.1154,3.1349,1.2119,27.0,32.0,30.14,30.0
"Generic test","greedy","tests/input/50_100n_90d.gsm",0,100,100,100.0,100,0.9,0.9,0.9,0.9,0.8558,2.511,1.4886,1.5687,42.0,50.0,46.5,46.0
"Generic test","greedy","tests/input/50_150n_10d.gsm",0,150,150,150.0,150,0.1,0.1,0.1,0.1,0.5431,0.8563,0.6462,0.6319,8.0,10.0,9.22,9.0
"Generic test","greedy","tests/input/50_150n_30d.gsm",0,150,150,150.0,150,0.3,0.3,0.3,0.3,0.6862,2.3297,1.2714,1.2843,17.0,20.0,18.56,19.0
"Generic test","greedy","tests/input/50_150n_50d.gsm",0,150,150,150.0,150,0.5,0.5,0.5,0.5,1.0549,2.7564,1.7398,1.8956,27.0,30.0,28.82,29.0
"Generic test","greedy","tests/input/50_150n_70d.gsm",0,150,150,150.0,150,0.7,0.7,0.7,0.7,1.4507,3.5407,2.3804,2.4686,39.0,45.0,41.9,42.0
"Generic test","greedy","tests/input/50_150n_90d.gsm",0,150,150,150.0,150,0.9,0.9,0.9,0.9,1.7364,3.9093,2.6802,2.8686,61.0,69.0,65.0,65.0
"Generic test","greedy_max","tests/input/50_50n_10d.gsm",0,50,50,50.0,50,0.0996,0.0996,0.0996,0.0996,3.7024,10.949,4.5721,4.2738,4.0,4.0,4.0,4.0
"Generic test","greedy_max","tests/input/50_50n_30d.gsm",0,50,50,50.0,50,0.3004,0.3004,0.3004,0.3004,4.8061,9.8151,5.7652,5.4785,7.0,10.0,8.24,8.0
"Generic test","greedy_max","tests/input/50_50n_50d.gsm",0,50,50,50.0,50,0.4996,0.4996,0.4996,0.4996,4.4828,18.5759,7.395,6.8128,11.0,14.0,12.14,12.0
"Generic test","greedy_max","tests/input/50_50n_70d.gsm",0,50,50,50.0,50,0.7004,0.7004,0.7004,0.7004,5.0969,11.3181,7.6822,7.645,15.0,19.0,17.02,17.0
"Generic test","greedy_max","tests/input/50_50n_90d.gsm",0,50,50,50.0,50,0.8996,0.8996,0.8996,0.8996,8.0294,32.6043,9.8351,8.9903,22.0,28.0,25.46,25.0
"Generic test","greedy_max","tests/input/50_100n_10d.gsm",0,100,100,100.0,100,0.1,0.1,0.1,0.1,13.4611,27.3146,16.3457,15.4282,6.0,7.0,6.4,6.0
"Generic test","greedy_max","tests/input/50_100n_30d.gsm",0,100,100,100.0,100,0.3,0.3,0.3,0.3,13.7225,28.2492,20.2828,20.1702,12.0,14.0,13.08,13.0
"Generic test","greedy_max","tests/input/50_100n_50d.gsm",0,100,100,100.0,100,0.5,0.5,0.5,0.5,12.7583,29.852,24.3175,25.067,19.0,22.0,20.36,20.0
"Generic test","greedy_max","tests/input/50_100n_70d.gsm",0,100,100,100.0,100,0.7,0.7,0.7,0.7,26.1277,79.16,35.3807,30.9158,26.0,32.0,29.16,29.0
"Generic test","greedy_max","tests/input/50_100n_90d.gsm",0,100,100,100.0,100,0.9,0.9,0.9,0.9,26.0872,66.325,40.7709,34.7002,42.0,47.0,44.72,44.0
"Generic test","greedy_max","tests/input/50_150n_10d.gsm",0,150,150,150.0,150,0.1,0.1,0.1,0.1,23.6212,43.5023,32.2826,31.8579,7.0,9.0,8.26,8.0
"Generic test","greedy_max","tests/input/50_150n_30d.gsm",0,150,150,150.0,150,0.3,0.3,0.3,0.3,29.4882,66.5004,45.6804,44.0544,16.0,19.0,17.58,18.0
"Generic test","greedy_max","tests/input/50_150n_50d.gsm",0,150,150,150.0,150,0.5,0.5,0.5,0.5,37.3846,70.0654,55.2354,55.8515,26.0,29.0,27.34,27.0
"Generic test","greedy_max","tests/input/50_150n_70d.gsm",0,150,150,150.0,150,0.7,0.7,0.7,0.7,39.5915,103.7143,72.0278,64.7957,37.0,43.0,40.06,40.0
"Generic test","greedy_max","tests/input/50_150n_90d.gsm",0,150,150,150.0,150,0.9,0.9,0.9,0.9,57.7083,104.075,81.9234,82.3292,60.0,66.0,63.14,63.0
"Generic test","greedy_color_swaps","tests/input/50_50n_10d.gsm",0,50,50,50.0,50,0.0996,0.0996,0.0996,0.0996,3.7575,8.1279,5.7565,5.5765,3.0,4.0,3.98,4.0
"Generic test","greedy_color_swaps","tests/input/50_50n_30d.gsm",0,50,50,50.0,50,0.3004,0.3004,0.3004,0.3004,8.0993,15.5582,10.4832,10.2744,6.0,8.0,7.0,7.0
"Generic test","greedy_color_swaps","tests/input/50_50n_50d.gsm",0,50,50,50.0,50,0.4996,0.4996,0.4996,0.4996,10.6681,25.932,18.8427,18.9083,10.0,12.0,10.66,11.0
"Generic test","greedy_color_swaps","tests/input/50_50n_70d.gsm",0,50,50,50.0,50,0.7004,0.7004,0.7004,0.7004,21.1327,42.5854,33.0677,32.4123,14.0,16.0,14.92,15.0
"Generic test","greedy_color_swaps","tests/input/50_50n_90d.gsm",0,50,50,50.0,50,0.8996,0.8996,0.8996,0.8996,51.1378,98.3927,77.6112,77.7718,21.0,25.0,23.34,23.0
"Generic test","greedy_color_swaps","tests/input/50_100n_10d.gsm",0,100,100,100.0,100,0.1,0.1,0.1,0.1,13.0422,30.0772,22.3003,22.8568,5.0,6.0,5.48,5.0
"Generic test","greedy_color_swaps","tests/input/50_100n_30d.gsm",0,100,100,100.0,100,0.3,0.3,0.3,0.3,43.0899,89.3201,60.3069,60.2931,10.0,12.0,11.22,11.0
"Generic test","greedy_color_swaps","tests/input/50_100n_50d.gsm",0,100,100,100.0,100,0.5,0.5,0.5,0.5,82.9336,148.8393,120.9001,123.2798,16.0,19.0,17.62,18.0
"Generic test","greedy_color_swaps","tests/input/50_100n_70d.gsm",0,100,100,100.0,100,0.7,0.7,0.7,0.7,209.7703,325.709,271.1587,271.4239,24.0,27.0,25.78,26.0
"Generic test","greedy_color_swaps","tests/input/50_100n_90d.gsm",0,100,100,100.0,100,0.9,0.9,0.9,0.9,487.0427,1185.6914,849.8289,865.9554,38.0,43.0,40.66,41.0
"Generic test","greedy_color_swaps","tests/input/50_150n_10d.gsm",0,150,150,150.0,150,0.1,0.1,0.1,0.1,45.9451,76.0283,60.428,60.499,7.0,7.0,7.0,7.0
"Generic test","greedy_color_swaps","tests/input/50_150n_30d.gsm",0,150,150,150.0,150,0.3,0.3,0.3,0.3,133.9479,214.3363,179.1843,181.4961,15.0,16.0,15.24,15.0
"Generic test","greedy_color_swaps","tests/input/50_150n_50d.gsm",0,150,150,150.0,150,0.5,0.5,0.5,0.5,254.3215,492.0121,402.813,414.0993,23.0,26.0,24.18,24.0
"Generic test","greedy_color_swaps","tests/input/50_150n_70d.gsm",0,150,150,150.0,150,0.7,0.7,0.7,0.7,574.6896,1133.6352,975.5154,1015.2534,34.0,37.0,35.5,36.0
"Generic test","greedy_color_swaps","tests/input/50_150n_90d.gsm",0,150,150,150.0,150,0.9,0.9,0.9,0.9,2446.7862,3846.6865,3339.0097,3379.8076,54.0,59.0,56.66,57.0
"Generic test","johnson","tests/input/50_50n_10d.gsm",0,50,50,50.0,50,0.0996,0.0996,0.0996,0.0996,0.8167,1.9785,1.2822,1.2852,5.0,7.0,5.74,6.0
"Generic test","johnson","tests/input/50_50n_30d.gsm",0,50,50,50.0,50,0.3004,0.3004,0.3004,0.3004,2.6352,4.8621,3.3439,3.2488,9.0,12.0,10.16,10.0
"Generic test","johnson","tests/input/50_50n_50d.gsm",0,50,50,50.0,50,0.4996,0.4996,0.4996,0.4996,4.5697,10.3177,5.5516,5.2227,13.0,17.0,15.1,15.0
"Generic test","johnson","tests/input/50_50n_70d.gsm",0,50,50,50.0,50,0.7004,0.7004,0.7004,0.7004,5.0448,8.7249,6.5419,6.5075,18.0,22.0,20.0,20.0
"Generic test","johnson","tests/input/50_50n_90d.gsm",0,50,50,50.0,50,0.8996,0.8996,0.8996,0.8996,5.307,10.6051,8.7891,8.9062,26.0,33.0,29.16,29.0
"Generic test","johnson","tests/input/50_100n_10d.gsm",0,100,100,100.0,100,0.1,0.1,0.1,0.1,4.9952,18.7594,6.3057,5.7136,7.0,10.0,8.52,9.0
"Generic test","johnson","tests/input/50_100n_30d.gsm",0,100,100,100.0,100,0.3,0.3,0.3,0.3,12.3047,17.8881,14.2774,14.1447,14.0,18.0,16.14,16.0
"Generic test","johnson","tests/input/50_100n_50d.gsm",0,100,100,100.0,100,0.5,0.5,0.5,0.5,16.727,30.8586,23.5032,23.1889,21.0,28.0,24.08,24.0
"Generic test","johnson","tests/input/50_100n_70d.gsm",0,100,100,100.0,100,0.7,0.7,0.7,0.7,22.9825,60.7789,35.8155,31.8639,31.0,37.0,33.82,34.0
"Generic test","johnson","tests/input/50_100n_90d.gsm",0,100,100,100.0,100,0.9,0.9,0.9,0.9,35.9566,78.9639,50.2777,43.6321,48.0,56.0,51.36,51.0
"Generic test","johnson","tests/input/50_150n_10d.gsm",0,150,150,150.0,150,0.1,0.1,0.1,0.1,10.5663,25.2437,14.283,13.5765,10.0,12.0,10.9,11.0
"Generic test","johnson","tests/input/50_150n_30d.gsm",0,150,150,150.0,150,0.3,0.3,0.3,0.3,25.7105,67.2327,40.7563,37.9216,19.0,23.0,21.42,21.0
"Generic test","johnson","tests/input/50_150n_50d.gsm",0,150,150,150.0,150,0.5,0.5,0.5,0.5,47.8343,67.6667,60.1698,60.7504,29.0,34.0,32.36,32.0
"Generic test","johnson","tests/input/50_150n_70d.gsm",0,150,150,150.0,150,0.7,0.7,0.7,0.7,63.276,129.4954,95.4263,89.9862,43.0,50.0,46.42,46.0
"Generic test","johnson","tests/input/50_150n_90d.gsm",0,150,150,150.0,150,0.9,0.9,0.9,0.9,84.5637,125.9649,110.801,113.102,68.0,78.0,71.74,72.0
"Generic test","greedy_no_sort_make_better","tests/input/50_50n_10d.gsm",0,50,50,50.0,50,0.0996,0.0996,0.0996,0.0996,7.6608,115.0576,61.7702,63.8931,4.0,5.0,4.08,4.0
"Generic test","greedy_no_sort_make_better","tests/input/50_50n_30d.gsm",0,50,50,50.0,50,0.3004,0.3004,0.3004,0.3004,20.064,211.8288,119.7267,153.4262,7.0,9.0,7.52,7.0
"Generic test","greedy_no_sort_make_better","tests/input/50_50n_50d.gsm",0,50,50,50.0,50,0.4996,0.4996,0.4996,0.4996,20.1017,547.9189,191.5358,220.7342,10.0,13.0,11.14,11.0
"Generic test","greedy_no_sort_make_better","tests/input/50_50n_70d.gsm",0,50,50,50.0,50,0.7004,0.7004,0.7004,0.7004,71.4693,947.8032,367.367,380.7404,14.0,18.0,15.4,15.0
"Generic test","greedy_no_sort_make_better","tests/input/50_50n_90d.gsm",0,50,50,50.0,50,0.8996,0.8996,0.8996,0.8996,158.956,1788.7422,878.0199,840.3697,21.0,26.0,23.2,23.0
"Generic test","greedy_no_sort_make_better","tests/input/50_100n_10d.gsm",0,100,100,100.0,100,0.1,0.1,0.1,0.1,28.7903,648.2435,374.4549,443.5949,6.0,7.0,6.24,6.0
"Generic test","greedy_no_sort_make_better","tests/input/50_100n_30d.gsm",0,100,100,100.0,100,0.3,0.3,0.3,0.3,77.817,1482.3012,1029.9603,1103.8246,11.0,14.0,11.86,12.0
"Generic test","greedy_no_sort_make_better","tests/input/50_100n_50d.gsm",0,100,100,100.0,100,0.5,0.5,0.5,0.5,72.4084,2726.3867,1590.9405,1853.7379,16.0,21.0,18.06,18.0
"Generic test","greedy_no_sort_make_better","tests/input/50_100n_70d.gsm",0,100,100,100.0,100,0.7,0.7,0.7,0.7,336.6133,3973.7581,2738.6641,2934.835,24.0,30.0,25.26,25.0
"Generic test","greedy_no_sort_make_better","tests/input/50_100n_90d.gsm",0,100,100,100.0,100,0.9,0.9,0.9,0.9,1110.7405,7515.7969,4898.8831,5003.2273,37.0,45.0,39.18,39.0
"Generic test","greedy_no_sort_make_better","tests/input/50_150n_10d.gsm",0,150,150,150.0,150,0.1,0.1,0.1,0.1,53.8866,1831.0867,1081.0782,1311.2658,7.0,9.0,7.6,7.0
"Generic test","greedy_no_sort_make_better","tests/input/50_150n_30d.gsm",0,150,150,150.0,150,0.3,0.3,0.3,0.3,375.1977,4556.0839,2930.1009,3623.6964,15.0,19.0,16.08,16.0
"Generic test","greedy_no_sort_make_better","tests/input/50_150n_50d.gsm",0,150,150,150.0,150,0.5,0.5,0.5,0.5,806.0419,8133.0724,5955.1551,6416.312,23.0,28.0,24.14,24.0
"Generic test","greedy_no_sort_make_better","tests/input/50_150n_70d.gsm",0,150,150,150.0,150,0.7,0.7,0.7,0.7,190.4335,11997.7856,9368.2139,9827.7962,33.0,39.0,34.08,34.0
"Generic test","greedy_no_sort_make_better","tests/input/50_150n_90d.gsm",0,150,150,150.0,150,0.9,0.9,0.9,0.9,7336.989,22524.7213,16681.8484,16796.3856,51.0,56.0,53.94,54.0
"Generic test","greedy_asc_deg_make_better","tests/input/50_50n_10d.gsm",0,50,50,50.0,50,0.0996,0.0996,0.0996,0.0996,10.19,138.9084,56.3556,64.6864,4.0,5.0,4.24,4.0
"Generic test","greedy_asc_deg_make_better","tests/input/50_50n_30d.gsm",0,50,50,50.0,50,0.3004,0.3004,0.3004,0.3004,17.4442,252.101,122.1445,123.4194,7.0,9.0,7.68,8.0
"Generic test","greedy_asc_deg_make_better","tests/input/50_50n_50d.gsm",0,50,50,50.0,50,0.4996,0.4996,0.4996,0.4996,30.7069,382.2784,217.6755,229.0748,10.0,13.0,11.04,11.0
"Generic test","greedy_asc_deg_make_better","tests/input/50_50n_70d.gsm",0,50,50,50.0,50,0.7004,0.7004,0.7004,0.7004,53.0788,738.355,317.7666,320.1811,14.0,18.0,15.48,15.0
"Generic test","greedy_asc_deg_make_better","tests/input/50_50n_90d.gsm",0,50,50,50.0,50,0.8996,0.8996,0.8996,0.8996,78.2288,1344.1413,508.2696,536.3842,21.0,27.0,23.36,23.0
"Generic test","greedy_asc_deg_make_better","tests/input/50_100n_10d.gsm",0,100,100,100.0,100,0.1,0.1,0.1,0.1,44.2079,765.2588,411.0927,492.6487,5.0,7.0,6.26,6.0
"Generic test","greedy_asc_deg_make_better","tests/input/50_100n_30d.gsm",0,100,100,100.0,100,0.3,0.3,0.3,0.3,62.2758,1536.3593,930.6078,1055.832,11.0,14.0,12.1,12.0
"Generic test","greedy_asc_deg_make_better","tests/input/50_100n_50d.gsm",0,100,100,100.0,100,0.5,0.5,0.5,0.5,254.2455,2638.1413,1669.6421,1871.1395,17.0,21.0,17.9,18.0
"Generic test","greedy_asc_deg_make_better","tests/input/50_100n_70d.gsm",0,100,100,100.0,100,0.7,0.7,0.7,0.7,519.5474,3989.5818,2594.4062,2822.5287,24.0,31.0,25.18,25.0
"Generic test","greedy_asc_deg_make_better","tests/input/50_100n_90d.gsm",0,100,100,100.0,100,0.9,0.9,0.9,0.9,951.1176,6143.2105,4218.8741,4183.8375,38.0,45.0,39.24,39.0
"Generic test","greedy_asc_deg_make_better","tests/input/50_150n_10d.gsm",0,150,150,150.0,150,0.1,0.1,0.1,0.1,105.3187,1982.7151,913.1762,829.7648,7.0,9.0,7.98,8.0
"Generic test","greedy_asc_deg_make_better","tests/input/50_150n_30d.gsm",0,150,150,150.0,150,0.3,0.3,0.3,0.3,423.7946,4650.5883,3474.872,3756.5081,15.0,18.0,15.74,16.0
"Generic test","greedy_asc_deg_make_better","tests/input/50_150n_50d.gsm",0,150,150,150.0,150,0.5,0.5,0.5,0.5,1190.4736,7661.4892,5727.7847,6126.387,23.0,29.0,24.1,24.0
"Generic test","greedy_asc_deg_make_better","tests/input/50_150n_70d.gsm",0,150,150,150.0,150,0.7,0.7,0.7,0.7,1419.3234,11736.6668,9034.8996,9551.3239,33.0,39.0,34.44,34.0
"Generic test","greedy_asc_deg_make_better","tests/input/50_150n_90d.gsm",0,150,150,150.0,150,0.9,0.9,0.9,0.9,8875.5479,19109.9931,15947.3947,16363.5944,52.0,57.0,53.98,54.0
"Generic test","greedy_desc_deg_make_better","tests/input/50_50n_10d.gsm",0,50,50,50.0,50,0.0996,0.0996,0.0996,0.0996,10.265,96.4956,17.5034,14.1535,4.0,4.0,4.0,4.0
"Generic test","greedy_desc_deg_make_better","tests/input/50_50n_30d.gsm",0,50,50,50.0,50,0.3004,0.3004,0.3004,0.3004,17.5386,347.6404,83.4465,57.4349,7.0,9.0,7.68,8.0
"Generic test","greedy_desc_deg_make_better","tests/input/50_50n_50d.gsm",0,50,50,50.0,50,0.4996,0.4996,0.4996,0.4996,31.6827,387.5592,160.5942,109.0032,10.0,13.0,11.22,11.0
"Generic test","greedy_desc_deg_make_better","tests/input/50_50n_70d.gsm",0,50,50,50.0,50,0.7004,0.7004,0.7004,0.7004,27.8672,593.7898,306.1221,351.6813,14.0,18.0,15.4,15.0
"Generic test","greedy_desc_deg_make_better","tests/input/50_50n_90d.gsm",0,50,50,50.0,50,0.8996,0.8996,0.8996,0.8996,79.1616,837.2278,445.8152,456.8168,21.0,25.0,23.3,23.0
"Generic test","greedy_desc_deg_make_better","tests/input/50_100n_10d.gsm",0,100,100,100.0,100,0.1,0.1,0.1,0.1,32.3714,616.0721,187.3478,65.3229,6.0,7.0,6.16,6.0
"Generic test","greedy_desc_deg_make_better","tests/input/50_100n_30d.gsm",0,100,100,100.0,100,0.3,0.3,0.3,0.3,96.834,1545.0013,721.8188,799.0923,11.0,13.0,12.14,12.0
"Generic test","greedy_desc_deg_make_better","tests/input/50_100n_50d.gsm",0,100,100,100.0,100,0.5,0.5,0.5,0.5,152.0133,2514.1496,1477.4003,1785.6535,17.0,21.0,18.36,18.0
"Generic test","greedy_desc_deg_make_better","tests/input/50_100n_70d.gsm",0,100,100,100.0,100,0.7,0.7,0.7,0.7,329.4547,3538.9055,2654.8026,2850.3234,23.0,29.0,25.2,25.0
"Generic test","greedy_desc_deg_make_better","tests/input/50_100n_90d.gsm",0,100,100,100.0,100,0.9,0.9,0.9,0.9,643.5852,5336.254,4173.1521,4339.4882,37.0,44.0,39.32,39.0
"Generic test","greedy_desc_deg_make_better","tests/input/50_150n_10d.gsm",0,150,150,150.0,150,0.1,0.1,0.1,0.1,96.8621,1880.2069,592.8569,265.6257,7.0,8.0,7.64,8.0
"Generic test","greedy_desc_deg_make_better","tests/input/50_150n_30d.gsm",0,150,150,150.0,150,0.3,0.3,0.3,0.3,281.7085,4710.5336,2187.0101,1588.2452,15.0,18.0,16.42,17.0
"Generic test","greedy_desc_deg_make_better","tests/input/50_150n_50d.gsm",0,150,150,150.0,150,0.5,0.5,0.5,0.5,330.7132,7456.021,4989.0969,6158.959,23.0,29.0,24.66,24.0
"Generic test","greedy_desc_deg_make_better","tests/input/50_150n_70d.gsm",0,150,150,150.0,150,0.7,0.7,0.7,0.7,1124.2132,12870.7892,8567.766,9602.0744,33.0,40.0,34.94,34.0
"Generic test","greedy_desc_deg_make_better","tests/input/50_150n_90d.gsm",0,150,150,150.0,150,0.9,0.9,0.9,0.9,3386.8849,17452.7823,14280.1589,14583.7063,52.0,59.0,54.08,54.0
"Generic test","greedy_color_swaps_make_better","tests/input/50_50n_10d.gsm",0,50,50,50.0,50,0.0996,0.0996,0.0996,0.0996,10.6331,23.3513,15.5576,15.0977,3.0,4.0,3.98,4.0
"Generic test","greedy_color_swaps_make_better","tests/input/50_50n_30d.gsm",0,50,50,50.0,50,0.3004,0.3004,0.3004,0.3004,26.6757,154.5326,38.0159,33.9895,6.0,8.0,7.02,7.0
"Generic test","greedy_color_swaps_make_better","tests/input/50_50n_50d.gsm",0,50,50,50.0,50,0.4996,0.4996,0.4996,0.4996,39.5466,268.1184,66.1749,61.5235,10.0,11.0,10.44,10.0
"Generic test","greedy_color_swaps_make_better","tests/input/50_50n_70d.gsm",0,50,50,50.0,50,0.7004,0.7004,0.7004,0.7004,57.5116,385.5788,112.2215,99.2069,14.0,17.0,15.08,15.0
"Generic test","greedy_color_swaps_make_better","tests/input/50_50n_90d.gsm",0,50,50,50.0,50,0.8996,0.8996,0.8996,0.8996,126.2646,500.3437,207.0618,201.6176,21.0,25.0,23.3,23.0
"Generic test","greedy_color_swaps_make_better","tests/input/50_100n_10d.gsm",0,100,100,100.0,100,0.1,0.1,0.1,0.1,56.3854,139.2815,82.6174,75.6088,5.0,6.0,5.36,5.0
"Generic test","greedy_color_swaps_make_better","tests/input/50_100n_30d.gsm",0,100,100,100.0,100,0.3,0.3,0.3,0.3,106.6675,1040.3913,214.8741,179.6619,11.0,12.0,11.22,11.0
"Generic test","greedy_color_swaps_make_better","tests/input/50_100n_50d.gsm",0,100,100,100.0,100,0.5,0.5,0.5,0.5,306.8913,2022.5365,450.1471,397.8594,16.0,18.0,17.58,18.0
"Generic test","greedy_color_swaps_make_better","tests/input/50_100n_70d.gsm",0,100,100,100.0,100,0.7,0.7,0.7,0.7,488.2847,3045.1202,880.3095,776.2433,24.0,27.0,25.64,26.0
"Generic test","greedy_color_swaps_make_better","tests/input/50_100n_90d.gsm",0,100,100,100.0,100,0.9,0.9,0.9,0.9,905.5374,5556.2232,1705.8243,1620.9067,39.0,42.0,40.48,41.0
"Generic test","greedy_color_swaps_make_better","tests/input/50_150n_10d.gsm",0,150,150,150.0,150,0.1,0.1,0.1,0.1,133.7009,266.0868,190.8314,186.5747,7.0,7.0,7.0,7.0
"Generic test","greedy_color_swaps_make_better","tests/input/50_150n_30d.gsm",0,150,150,150.0,150,0.3,0.3,0.3,0.3,387.4041,2208.0303,643.0924,560.6373,15.0,16.0,15.24,15.0
"Generic test","greedy_color_swaps_make_better","tests/input/50_150n_50d.gsm",0,150,150,150.0,150,0.5,0.5,0.5,0.5,776.0701,5021.3763,1265.7587,1139.0744,23.0,26.0,24.08,24.0
"Generic test","greedy_color_swaps_make_better","tests/input/50_150n_70d.gsm",0,150,150,150.0,150,0.7,0.7,0.7,0.7,1783.3228,7597.051,2643.7164,2421.7985,34.0,38.0,35.64,36.0
"Generic test","greedy_color_swaps_make_better","tests/input/50_150n_90d.gsm",0,150,150,150.0,150,0.9,0.9,0.9,0.9,4509.5019,12170.1026,5694.1002,5531.416,54.0,59.0,56.26,56.0
"Generic test","aus_3_mach_2","tests/input/50_50n_10d.gsm",0,50,50,50.0,50,0.0996,0.0996,0.0996,0.0996,7.0795,36.2075,17.5175,17.2105,4.0,5.0,4.32,4.0
"Generic test","aus_3_mach_2","tests/input/50_50n_30d.gsm",0,50,50,50.0,50,0.3004,0.3004,0.3004,0.3004,78.0622,215.837,155.8398,156.3286,7.0,9.0,8.04,8.0
"Generic test","aus_3_mach_2","tests/input/50_50n_50d.gsm",0,50,50,50.0,50,0.4996,0.4996,0.4996,0.4996,413.7027,1146.6408,760.5575,753.8539,10.0,13.0,11.9,12.0
"Generic test","aus_3_mach_2","tests/input/50_50n_70d.gsm",0,50,50,50.0,50,0.7004,0.7004,0.7004,0.7004,2010.023,4114.8944,2849.3219,2797.1602,15.0,19.0,16.74,17.0
"Generic test","aus_3_mach_2","tests/input/50_50n_90d.gsm",0,50,50,50.0,50,0.8996,0.8996,0.8996,0.8996,9192.5917,16117.1469,12238.5229,12433.4775,23.0,27.0,24.6,25.0
"Generic test","aus_3_mach_2","tests/input/50_100n_10d.gsm",0,100,100,100.0,100,0.1,0.1,0.1,0.1,84.8159,295.9444,155.8532,150.3511,6.0,7.0,6.46,6.0
"Generic test","aus_3_mach_2","tests/input/50_100n_30d.gsm",0,100,100,100.0,100,0.3,0.3,0.3,0.3,1683.5682,3178.126,2557.3375,2672.5826,12.0,14.0,13.18,13.0
"Generic test","aus_3_mach_2","tests/input/50_100n_50d.gsm",0,100,100,100.0,100,0.5,0.5,0.5,0.5,11513.0263,20215.5292,15048.9194,14783.677,18.0,22.0,19.96,20.0
"Generic test","aus_3_mach_2","tests/input/50_100n_70d.gsm",0,100,100,100.0,100,0.7,0.7,0.7,0.7,50851.9529,98746.7468,72128.3116,74016.7784,27.0,31.0,28.68,29.0
"Generic test","aus_3_mach_2","tests/input/50_100n_90d.gsm",0,100,100,100.0,100,0.9,0.9,0.9,0.9,277975.2119,438813.6475,344611.8402,342897.3012,41.0,46.0,43.06,43.0
"Generic test","aus_3_mach_2","tests/input/50_150n_10d.gsm",0,150,150,150.0,150,0.1,0.1,0.1,0.1,443.6472,842.4142,651.1433,650.3307,8.0,9.0,8.34,8.0
"Generic test","aus_3_mach_2","tests/input/50_150n_30d.gsm",0,150,150,150.0,150,0.3,0.3,0.3,0.3,14285.2856,23035.249,18183.5804,18120.5237,17.0,19.0,17.68,18.0
"Generic test","aus_3_mach_2","tests/input/50_150n_50d.gsm",0,150,150,150.0,150,0.5,0.5,0.5,0.5,93911.6345,148724.3409,118230.2192,119911.3554,26.0,30.0,27.54,28.0
"Generic test","aus_3_mach_2","tests/input/50_150n_70d.gsm",0,150,150,150.0,150,0.7,0.7,0.7,0.7,305087.4433,575592.5837,463987.5941,483056.043,38.0,41.0,39.56,40.0
"Generic test","aus_3_mach_2","tests/input/50_150n_90d.gsm",0,150,150,150.0,150,0.9,0.9,0.9,0.9,1198276.9772,2574308.0226,2144820.2285,2219201.9608,58.0,65.0,60.76,61.0
"Generic test","aus_3_mach_2_elim","tests/input/50_50n_10d.gsm",0,50,50,50.0,50,0.0996,0.0996,0.0996,0.0996,6.9256,38.7854,14.2223,12.5373,4.0,5.0,4.24,4.0
"Generic test","aus_3_mach_2_elim","tests/input/50_50n_30d.gsm",0,50,50,50.0,50,0.3004,0.3004,0.3004,0.3004,75.1827,186.2229,128.1957,120.4557,7.0,9.0,8.04,8.0
"Generic test","aus_3_mach_2_elim","tests/input/50_50n_50d.gsm",0,50,50,50.0,50,0.4996,0.4996,0.4996,0.4996,478.6764,1047.1107,708.7856,715.7607,11.0,13.0,11.82,12.0
"Generic test","aus_3_mach_2_elim","tests/input/50_50n_70d.gsm",0,50,50,50.0,50,0.7004,0.7004,0.7004,0.7004,1870.0533,4047.3497,2656.5926,2722.1864,15.0,19.0,16.5,17.0
"Generic test","aus_3_mach_2_elim","tests/input/50_50n_90d.gsm",0,50,50,50.0,50,0.8996,0.8996,0.8996,0.8996,7426.9058,16022.5709,11365.3037,11408.483,23.0,27.0,24.54,25.0
"Generic test","aus_3_mach_2_elim","tests/input/50_100n_10d.gsm",0,100,100,100.0,100,0.1,0.1,0.1,0.1,58.7589,160.1952,106.4846,100.0246,6.0,7.0,6.32,6.0
"Generic test","aus_3_mach_2_elim","tests/input/50_100n_30d.gsm",0,100,100,100.0,100,0.3,0.3,0.3,0.3,1503.135,2866.4337,2129.6388,2122.9344,12.0,14.0,12.98,13.0
"Generic test","aus_3_mach_2_elim","tests/input/50_100n_50d.gsm",0,100,100,100.0,100,0.5,0.5,0.5,0.5,9418.0723,16426.3196,12656.9029,13053.3884,18.0,21.0,19.58,20.0
"Generic test","aus_3_mach_2_elim","tests/input/50_100n_70d.gsm",0,100,100,100.0,100,0.7,0.7,0.7,0.7,40223.2651,63017.8754,50644.5091,51647.6261,26.0,30.0,27.88,28.0
"Generic test","aus_3_mach_2_elim","tests/input/50_100n_90d.gsm",0,100,100,100.0,100,0.9,0.9,0.9,0.9,172294.7811,301410.9968,251880.293,255410.3769,41.0,45.0,42.86,43.0
"Generic test","aus_3_mach_2_elim","tests/input/50_150n_10d.gsm",0,150,150,150.0,150,0.1,0.1,0.1,0.1,296.0818,850.1735,502.0928,470.5681,7.0,9.0,8.12,8.0
"Generic test","aus_3_mach_2_elim","tests/input/50_150n_30d.gsm",0,150,150,150.0,150,0.3,0.3,0.3,0.3,9109.0954,17642.2752,12242.7958,11891.8334,16.0,19.0,17.32,17.0
"Generic test","aus_3_mach_2_elim","tests/input/50_150n_50d.gsm",0,150,150,150.0,150,0.5,0.5,0.5,0.5,59994.5658,96853.1196,77664.7505,79208.4408,25.0,29.0,26.82,27.0
"Generic test","aus_3_mach_2_elim","tests/input/50_150n_70d.gsm",0,150,150,150.0,150,0.7,0.7,0.7,0.7,287172.1619,421246.826,351525.1114,351632.7616,37.0,41.0,39.06,39.0
"Generic test","aus_3_mach_2_elim","tests/input/50_150n_90d.gsm",0,150,150,150.0,150,0.9,0.9,0.9,0.9,1472643.189,3076728.7896,2038487.0675,1871529.8593,58.0,64.0,60.64,61.0
"Generic test","greedy_max_and_elim_colors","tests/input/50_50n_10d.gsm",0,50,50,50.0,50,0.0996,0.0996,0.0996,0.0996,3.4593,7.3937,4.8528,4.7294,4.0,4.0,4.0,4.0
"Generic test","greedy_max_and_elim_colors","tests/input/50_50n_30d.gsm",0,50,50,50.0,50,0.3004,0.3004,0.3004,0.3004,4.8332,12.4388,7.0964,6.8293,7.0,8.0,7.6,8.0
"Generic test","greedy_max_and_elim_colors","tests/input/50_50n_50d.gsm",0,50,50,50.0,50,0.4996,0.4996,0.4996,0.4996,7.558,12.1909,9.1403,9.2671,10.0,12.0,11.12,11.0
"Generic test","greedy_max_and_elim_colors","tests/input/50_50n_70d.gsm",0,50,50,50.0,50,0.7004,0.7004,0.7004,0.7004,7.7458,19.2228,9.848,9.3655,14.0,17.0,15.96,16.0
"Generic test","greedy_max_and_elim_colors","tests/input/50_50n_90d.gsm",0,50,50,50.0,50,0.8996,0.8996,0.8996,0.8996,7.1528,14.2441,10.5541,10.5217,22.0,25.0,23.52,23.0
"Generic test","greedy_max_and_elim_colors","tests/input/50_100n_10d.gsm",0,100,100,100.0,100,0.1,0.1,0.1,0.1,13.256,33.0035,18.2263,17.7918,5.0,7.0,5.98,6.0
"Generic test","greedy_max_and_elim_colors","tests/input/50_100n_30d.gsm",0,100,100,100.0,100,0.3,0.3,0.3,0.3,16.021,25.822,22.4008,22.5728,11.0,13.0,12.26,12.0
"Generic test","greedy_max_and_elim_colors","tests/input/50_100n_50d.gsm",0,100,100,100.0,100,0.5,0.5,0.5,0.5,16.0004,37.8756,27.0702,27.3315,18.0,20.0,18.9,19.0
"Generic test","greedy_max_and_elim_colors","tests/input/50_100n_70d.gsm",0,100,100,100.0,100,0.7,0.7,0.7,0.7,22.758,62.1473,35.455,32.4531,25.0,29.0,27.14,27.0
"Generic test","greedy_max_and_elim_colors","tests/input/50_100n_90d.gsm",0,100,100,100.0,100,0.9,0.9,0.9,0.9,28.3276,82.0993,47.4042,41.2392,39.0,45.0,41.76,42.0
"Generic test","greedy_max_and_elim_colors","tests/input/50_150n_10d.gsm",0,150,150,150.0,150,0.1,0.1,0.1,0.1,30.3912,47.8939,35.8836,35.7439,7.0,8.0,7.84,8.0
"Generic test","greedy_max_and_elim_colors","tests/input/50_150n_30d.gsm",0,150,150,150.0,150,0.3,0.3,0.3,0.3,43.9354,71.7541,51.2327,48.8421,16.0,18.0,16.44,16.0
"Generic test","greedy_max_and_elim_colors","tests/input/50_150n_50d.gsm",0,150,150,150.0,150,0.5,0.5,0.5,0.5,47.3176,68.328,60.7033,61.7015,24.0,27.0,25.78,26.0
"Generic test","greedy_max_and_elim_colors","tests/input/50_150n_70d.gsm",0,150,150,150.0,150,0.7,0.7,0.7,0.7,50.6586,106.7915,79.5132,75.2084,36.0,40.0,37.84,38.0
"Generic test","greedy_max_and_elim_colors","tests/input/50_150n_90d.gsm",0,150,150,150.0,150,0.9,0.9,0.9,0.9,65.4146,107.952,86.7348,86.9409,56.0,62.0,59.04,59.0
"Generic test","greedy_color_swaps_and_elim_colors","tests/input/50_50n_10d.gsm",0,50,50,50.0,50,0.0996,0.0996,0.0996,0.0996,5.0632,11.8356,6.3549,5.9129,3.0,4.0,3.98,4.0
"Generic test","greedy_color_swaps_and_elim_colors","tests/input/50_50n_30d.gsm",0,50,50,50.0,50,0.3004,0.3004,0.3004,0.3004,9.2665,20.2779,11.2843,10.7955,6.0,8.0,7.04,7.0
"Generic test","greedy_color_swaps_and_elim_colors","tests/input/50_50n_50d.gsm",0,50,50,50.0,50,0.4996,0.4996,0.4996,0.4996,12.9028,25.3593,18.6755,18.568,9.0,11.0,10.52,11.0
"Generic test","greedy_color_swaps_and_elim_colors","tests/input/50_50n_70d.gsm",0,50,50,50.0,50,0.7004,0.7004,0.7004,0.7004,24.249,42.0091,34.7865,34.9741,14.0,16.0,14.98,15.0
"Generic test","greedy_color_swaps_and_elim_colors","tests/input/50_50n_90d.gsm",0,50,50,50.0,50,0.8996,0.8996,0.8996,0.8996,63.316,109.848,87.7096,87.9373,22.0,25.0,23.4,23.0
"Generic test","greedy_color_swaps_and_elim_colors","tests/input/50_100n_10d.gsm",0,100,100,100.0,100,0.1,0.1,0.1,0.1,19.5422,30.8234,24.8095,24.8445,5.0,6.0,5.36,5.0
"Generic test","greedy_color_swaps_and_elim_colors","tests/input/50_100n_30d.gsm",0,100,100,100.0,100,0.3,0.3,0.3,0.3,49.7676,67.9629,60.1974,60.7804,10.0,12.0,11.22,11.0
"Generic test","greedy_color_swaps_and_elim_colors","tests/input/50_100n_50d.gsm",0,100,100,100.0,100,0.5,0.5,0.5,0.5,98.8305,144.1312,123.1226,123.5922,17.0,19.0,17.54,18.0
"Generic test","greedy_color_swaps_and_elim_colors","tests/input/50_100n_70d.gsm",0,100,100,100.0,100,0.7,0.7,0.7,0.7,232.7034,321.5497,276.0913,277.217,24.0,28.0,25.72,26.0
"Generic test","greedy_color_swaps_and_elim_colors","tests/input/50_100n_90d.gsm",0,100,100,100.0,100,0.9,0.9,0.9,0.9,647.9146,1043.2517,857.6847,861.5529,37.0,44.0,40.62,41.0
"Generic test","greedy_color_swaps_and_elim_colors","tests/input/50_150n_10d.gsm",0,150,150,150.0,150,0.1,0.1,0.1,0.1,57.5265,98.9463,70.6322,68.6272,7.0,7.0,7.0,7.0
"Generic test","greedy_color_swaps_and_elim_colors","tests/input/50_150n_30d.gsm",0,150,150,150.0,150,0.3,0.3,0.3,0.3,162.4958,255.4151,194.8637,194.2893,14.0,16.0,15.16,15.0
"Generic test","greedy_color_swaps_and_elim_colors","tests/input/50_150n_50d.gsm",0,150,150,150.0,150,0.5,0.5,0.5,0.5,335.1072,492.4174,424.0495,425.0901,23.0,25.0,24.0,24.0
"Generic test","greedy_color_swaps_and_elim_colors","tests/input/50_150n_70d.gsm",0,150,150,150.0,150,0.7,0.7,0.7,0.7,786.8008,1175.1768,1039.2449,1045.4817,33.0,37.0,35.4,35.0
"Generic test","greedy_color_swaps_and_elim_colors","tests/input/50_150n_90d.gsm",0,150,150,150.0,150,0.9,0.9,0.9,0.9,2486.0853,3556.1506,3185.8295,3221.4133,53.0,58.0,56.4,57.0
"Generic test","merge_recolor_color_swaps","tests/input/50_50n_10d.gsm",0,50,50,50.0,50,0.0996,0.0996,0.0996,0.0996,3.2411,6.4174,4.62,4.5064,4.0,5.0,4.06,4.0
"Generic test","merge_recolor_color_swaps","tests/input/50_50n_30d.gsm",0,50,50,50.0,50,0.3004,0.3004,0.3004,0.3004,6.1902,12.257,8.3793,8.03,6.0,8.0,7.42,7.0
"Generic test","merge_recolor_color_swaps","tests/input/50_50n_50d.gsm",0,50,50,50.0,50,0.4996,0.4996,0.4996,0.4996,9.1895,22.3203,14.5194,13.8194,10.0,13.0,11.0,11.0
"Generic test","merge_recolor_color_swaps","tests/input/50_50n_70d.gsm",0,50,50,50.0,50,0.7004,0.7004,0.7004,0.7004,17.3208,35.6958,23.5331,23.2107,14.0,17.0,15.6,16.0
"Generic test","merge_recolor_color_swaps","tests/input/50_50n_90d.gsm",0,50,50,50.0,50,0.8996,0.8996,0.8996,0.8996,39.7783,66.8697,50.7313,50.396,23.0,25.0,23.92,24.0
"Generic test","merge_recolor_color_swaps","tests/input/50_100n_10d.gsm",0,100,100,100.0,100,0.1,0.1,0.1,0.1,12.4746,23.7747,17.1204,17.1661,5.0,6.0,5.94,6.0
"Generic test","merge_recolor_color_swaps","tests/input/50_100n_30d.gsm",0,100,100,100.0,100,0.3,0.3,0.3,0.3,38.7673,67.4046,47.9679,47.1007,11.0,13.0,11.8,12.0
"Generic test","merge_recolor_color_swaps","tests/input/50_100n_50d.gsm",0,100,100,100.0,100,0.5,0.5,0.5,0.5,68.5052,116.3074,94.1214,94.5508,17.0,20.0,18.34,18.0
"Generic test","merge_recolor_color_swaps","tests/input/50_100n_70d.gsm",0,100,100,100.0,100,0.7,0.7,0.7,0.7,123.5296,234.2611,184.4433,188.126,25.0,28.0,26.24,26.0
"Generic test","merge_recolor_color_swaps","tests/input/50_100n_90d.gsm",0,100,100,100.0,100,0.9,0.9,0.9,0.9,309.2654,624.3822,490.2642,493.715,38.0,44.0,41.12,41.0
"Generic test","merge_recolor_color_swaps","tests/input/50_150n_10d.gsm",0,150,150,150.0,150,0.1,0.1,0.1,0.1,34.997,58.405,46.7684,47.1882,7.0,8.0,7.42,7.0
"Generic test","merge_recolor_color_swaps","tests/input/50_150n_30d.gsm",0,150,150,150.0,150,0.3,0.3,0.3,0.3,112.43,193.2181,154.2825,153.648,15.0,17.0,15.92,16.0
"Generic test","merge_recolor_color_swaps","tests/input/50_150n_50d.gsm",0,150,150,150.0,150,0.5,0.5,0.5,0.5,200.8625,417.5982,330.3169,334.6759,24.0,26.0,25.02,25.0
"Generic test","merge_recolor_color_swaps","tests/input/50_150n_70d.gsm",0,150,150,150.0,150,0.7,0.7,0.7,0.7,481.612,895.8761,696.196,705.4189,35.0,38.0,36.4,36.0
"Generic test","merge_recolor_color_swaps","tests/input/50_150n_90d.gsm",0,150,150,150.0,150,0.9,0.9,0.9,0.9,1223.1404,2246.4464,1944.4288,1971.8929,55.0,60.0,57.18,57.0